# directorio	sha256	archivos	bytes — contenido esperado de cliente/Interface/AddOns (build-addons.mjs arbol)
!BugGrabber	bf14409623e30443963ac8eebfc549bbb8a5f6217bbdd90ae4fb83cd461932bf	5	46438
ACP	110be14016145a2383ec6d42831ab63118105fd425ac1690c41e1babd59be231	12	100682
AckisRecipeList	b76f19141e88922177f9b700ee94681b91abfdaae1f2e2f465397a8adf1dc1a2	153	3266254
ActionBarSaver	c6a0de652c3cef206ff3b8ebd5c70ff02c58f299156f4d121a7446e689f55a38	5	48232
AddEmote	dbb083ea1490336a393c81fd05950a5ea73a12884f516710b7531dce965fbd6a	3	14869
AddFriend	79feb287bbfab695947d6af4274f7819e197e7a8cbc7d7ab9668c798f3dbdce5	8	62808
AdiBags	b2a4c2cdc402e8e1b23682fec7524590fcab3e8f57485755bc4fbb24e9f3e2d0	134	1079365
AdiBags-ItemOverlayPlus	466a8ad0d40ab28fbbf9a1cd28caaea5c45e44825c51a438c07a48ed82d46088	15	118773
AdiBags_Bound	adc096c28604d2af06695ee4e00fd4977387bb13eb1c36175209b69a470ab977	3	10479
Afflicted	034459e809a685d4a37859d832fbd1a5c66f20ef6650f9833e32ebadfbac80eb	88	921839
Ailo	cdcd492265144970a14326f225b4c23fb4b8bd5c560476a85b0999b5dff1b735	72	492011
AllStats	e0f0680bfb721b83feec941631544b6f5d4d67d1558f0f22477406e2425425ed	4	53075
Altoholic	bcd3b906948f6407dbe35f7ac0ab3ad1c820439aac113b686f7400bc1c15cd95	148	2390696
Altoholic_Achievements	0ca77cd43e9b06a53a7b3c0902fd3691f07bcad01c39d18024c2a5792e589f54	5	36095
Atlas	e6756f52b55ec7008213fcb2df55a627ec6da335e9321c9b46455022c268b5e5	162	37911584
AtlasLoot	c5ae4599c9e292c35c0ace76fc84d0f5fd12d6d70f861df956484a74ab1f9905	111	2198370
AtlasLootFu	3e4f3e06db17c98859e067febdcb18654e8bb28c3fc545d26256cf909c81b8ec	19	468460
AtlasLoot_BurningCrusade	e7ffd3f48db350288fd614e3932a5305568917db3bb0aba60d5f350e7472505a	3	1356403
AtlasLoot_Crafting	dcef9cb9cfbb824694840e506a850c0848fb4a6f858e104d6a8bc8606843808b	3	506936
AtlasLoot_OriginalWoW	8d0ee225643a847765fed17fa66dcd66e2a1ee6efcfc70db7ff01fce100f7897	3	1415590
AtlasLoot_WorldEvents	ade7ed42bef39287fd407306656a510c76ee9209180d737aa890920a790cd7ad	3	290536
AtlasLoot_WrathoftheLichKing	25fd920167b2ba2b0b99d64e4225767025a3e50d15d86a4eede57c96ab09f2be	3	3087171
Atlas_Battlegrounds	be800b0a080ba68cbed8b133c536f8c02c1c695fabb3333bf662343a0310d18f	23	3777742
Atlas_DungeonLocs	dc53a24dd041666ff66adab54375f8f3fe547725f2a13d59d147c723806fc283	13	1422446
Atlas_OutdoorRaids	55b0d6e5b1e1fb53edcce158b296298ac2ebd4d73bf708b92da7b808897f4d62	14	1778470
Atlas_Transportation	094880436b59160c9e46733bfd7957193d5cfe141e87733fef6a8032eb0f56b6	17	2845618
Auctionator	68aaed159b8149e18d91a8cd42192f1134a145fd57fc3a36125565ed1874f4f4	33	1085730
AuctionatorMiniFeatures	ad899a7537f488463b4afbf4be869c9e3c8d5dd7be24dd0e377517d2533d8cb5	3	8920
Auctionator_WatchList	8fed47ba7d992a90e6f74bfe0dd71495f63723ab5e3a6a8aa8e35cbf6add1052	8	54792
AutoFlood	18e551aa110e5f5bb3a0d45abbdc006125bd7407aa07811f9059f15c381fa2e4	5	9468
AutoInvite	f1ad39f4894cdf0eab2600bdcfee51757ffb1d60aa000536ce8f4f3510791f37	8	205939
AutoRepair	06c3a730544035867a501759d5b60753301121685b93256adb57658f904760f1	3	1296
BLT	a9f22b4c2ebe2ea9cdb8652b68b2b65b68a40589f69a283b9a716c0fdfea86a7	74	615134
BNetToast	12fb0e974fd5c30fc47cbbe6ba899404b06076de14f4a4cac14346a59b24c203	3	3816
Bartender4	ba0cce75bdc129efbd7ddcd7b8cd04258bc0344bbaf55356b18ce99bf65a25f8	112	790302
BindPad	c364494b097689b148c157c782e978c754e1270fd3423b05a91d8d31ac1ca67f	6	141848
BlizzMove	eb306cfe0b9a084a01a589b9d408b6fc2f0f58fb7fc14072ce06ae049777ef73	4	10150
BonusScanner	5f7a2674e8a214481be9c00dce0d17629564c3f3c680039d2c4366d05538a789	18	238636
BugSack	fc343bf462abcfc0319468025df5102c09ca60cc4543775c9c76803290320d4a	32	187604
Carbonite	94d1ff31fb282e1bdb438a6a3276d5a2515903f652e5e652eeec35f60574629d	64	2901251
CarboniteItems	e12081de8c79fb8703c4630f5ed65c1c02e9a050721daa6c7cf47684a809f956	2	1596889
CarboniteNodes	6e330bdff7c0cb15535acbc742de4a05f5db244c53d3285158547377ad65dbfe	2	153802
CarboniteTransfer	7903ce0ff060ec147594994750cae6add0067912b250462f5a4f06ae429bf914	2	842
Cartographer	7e59cfd8dba7f1051d6b4aae02b6e60e5e0d37a0ce3cf9e2a4139a1589e5b780	101	1790314
Cartographer_Battlegrounds	097b29105c8d7fd97cb925f6e4c296ddae0cfc7a0e2a49a935f02cec65fb84cb	2	9186
Cartographer_Coordinates	1a069a400323452b623024942912009dc0460cd0bcb86b709044a1389d107c43	2	19864
Cartographer_Foglight	f420ba8c619535fcf15b004774ccc836d2c462554b13748a133c40bed511d791	2	46831
Cartographer_GroupColors	a075c7570279532e5b916aadf76d6f81e81a361a5e970863c9a39a1ea3b8e298	11	18362
Cartographer_GuildPositions	d803c5ddd22660ad05279b25febcd13569fe30deae2735861d0f180b33b97083	3	15662
Cartographer_InstanceLoot	2532c1d53a8eafe8ee48e64a017f23ab5db828342bcf0fc8bc964158221f832a	2	23760
Cartographer_InstanceMaps	c910153eba77a159abbc51694b21df57d05fe61407315200e263f374c72cc446	4	307896
Cartographer_InstanceNotes	ee489821de10a989cd4d6a6bae7856191c7e89bd325574019b853879bec512ea	12	163497
Cartographer_LookNFeel	d0401d5def19ff67c405cb50588ebd15664665cbbacfe9dc781794680d0fadf1	2	50020
Cartographer_Notes	d440d7e84ea0cc370bbaeb8b26f129f172f4fdb8da9f80beaffc821ec07b7d07	3	143647
Cartographer_POI	b0fa8ef8f6045e60ac20250b28e90da3ef2df7723fbba3bdd0b066a41348c5ce	3	10875
Cartographer_Waypoints	89c02dd8ee7351edad2614f960501df278c1677d039f922fcb93c9d23299a80e	9	778752
Cartographer_ZoneInfo	55ae7339f6887d17d141e6ed5fc287cf53437460fba90d996ec01ad324a0524b	2	14760
ChatFilter	400a94a17966342cbba8074e5cbba16122c625b0e2f4885bbe09db5ea08c438c	2	4347
Chatter	f39b20d421b47a2248367e6a05c5c2b45436e1066abfeec17e4c2d31e658c18f	116	811456
Cheese	f5914ca129559423677106a297f5608950b3238ce4114535c7adb9b54f2d3577	62	2227139
ClassLoot	afc547ba070d1949661edf071923a38c88892fb01dd70058fe6bf70c5a47750b	75	1262214
CleanMinimap	939ab9ca04df5db4018f1c918eb9b68a43e6b506b988fa42b40c034236e0a487	78	608704
Clique	bb6f6a4b71cd5c450264333ae0be0af878a8bbba2882523508f21e539f08c7b8	28	327873
Collectinator	48da0b321481ba01e1ae65c7bfb9d867f58bd3f475acd499d1f6dc85e369a85b	120	2735750
ColorPickerAdvanced	6723ec7a448913d5ec31271cbfd1218151527f2953176815a45b96bc6a4a940b	54	464555
Cooldowns	d84c9989e4271a6fcffa5844794f4208c9554094f771d845c0afbb48356dc282	7	31109
Critline	fc2e546fe9f3d92418fa22c7da3dfb66a759d7f0b81c08f54e573b2746df0fdd	23	211132
Cromulent	6913999077241c8a258310542f4dc6b4529929bceb1eef88163c4031ac8cea3a	32	260808
DBM-AQ20	4c02ba2e4c3f2bb2c8c8bbabb49ae428134d53d87608e7b153bacf77ccb345f5	17	41080
DBM-AQ40	640c0f853095f0ceb3f62ad6f6c0061a0d5a22925f48a8874e5322bc6797485b	20	78908
DBM-Azeroth	957f60cd8db17c48467c53ec5649dbb6c5761b59950e3fbfbc31d33bc8e8b899	16	25778
DBM-BWL	a9c9fe1459dad2e40615a9f9596d62dde39ba82886016aff1c91d618b4bfc793	19	83997
DBM-BlackTemple	4dc49ff59906cfee041805792ef550c862e9f2c07ed8c1092d343317d0846673	17	71109
DBM-ChamberOfAspects	c9021bdd038b5a29b314731302685bc9b33c779fce0b70eba6000b64d144be3b	17	82262
DBM-Coliseum	74c8144023e9ca8807aec957a2715fac9a618fccb4db35e501b27520647f8dbb	14	140900
DBM-Core	8a97cd72a21b3ca9350d82593501260777e4bb6a3ee8a0a0b91cad096903bd9f	276	10149975
DBM-DefaultSkin	4094497e06cc157a6f2f95acfb5575ed75cbef9a7d007ac13e9704182748d45a	4	10318
DBM-EyeOfEternity	444e30a97150aebbabb4b4b227d7fcbf2ec30c5a85dc98b487a104971ad5ad5c	10	14776
DBM-GUI	6d143ba60195d4362e4b66c7cdd5e72e949e4e28c7e987a154e9263361e4437f	15	490874
DBM-Gruul	f7ae0560e68e45d89fda3bed70d11364fb2787198e534a54b9dfe193eb6f7b44	10	10586
DBM-Hyjal	2c51c35eb2b51f3428ec9cf3b73d6430be936d918d1d2529ced4a614866463ea	14	34993
DBM-Icecrown	a5c312f01578d5d131b13df27b592189885199709fe279ccb2a054f29f4a10be	24	278900
DBM-Karazhan	77b3c6c09a63befe99c9c6a6babc2cbc031a1e3bc383ce631c509e9bd6ad39ed	23	83512
DBM-MC	120b2284940cf0c6a42eae7f079b00d554a4db217cb674eead05bade95a59c6f	21	49536
DBM-Magtheridon	72458a7f82b47e84931368bfd292285136725b71e17de6e5105c1b771e541b08	9	7842
DBM-Naxx	99efe82063a653537f05d0faf2fae2ac5ce97a4d5f2078ed860acd128723f8d4	26	160111
DBM-Onyxia	b8dc27d6ead90e414f0210f7fab0ea5ca81d31d7eca71cfe5d33e969b6435713	19	324140
DBM-Outland	71fa424581727c47b8ca3216e148dcbb43a6e7b022e2c6f94061e3f126512414	11	11261
DBM-Party-BC	185c4a2fe85e26ec0c82ef0d2c93b9e97c9faa6e42ceaf3439d682ca1d0d007e	67	144951
DBM-Party-Classic	906a4db6e15d9750def57dd3ca720305f1348d1c5eaee907efa7bf6986ad473b	184	464443
DBM-Party-WotLK	abe9ccac5bed0ed4b0851e39c7a80021ec5decb46ea6843c76888dd8a8baa4a3	76	273919
DBM-PvP	4aee9c1fe2f9f079bd95f52e5f4d1c2a6284154ff816cfd321ed08caa61d4eff	17	133793
DBM-Serpentshrine	28cbee46f0bb771c8b5e4d94a5e4c7cfab8993fa97eeef4ac9cae85fbd77273b	14	55406
DBM-SpellTimers	856b1a491566010c911aaabc284a99f5056659a3514f6bd6f86740f456f617f5	10	24786
DBM-StatusBarTimers	e87aefa021acb4ddffd10b482e3235bea6c27f968bca2d03c447848d3f8f1155	3	56451
DBM-Sunwell	93a84b5d005258f604335b7e1d1b605108b03d08c8799f872a91b77ff5a6adda	16	78821
DBM-TheEye	8f585abe09b26e3d21fdb5a596ae12f4ac160bb23de44f495739e055e8d2a7fc	12	54217
DBM-Ulduar	b03dc7112f889cbff214cc607a6e95c03506ba7a5a9f4d5aedc3b3d42af92a0d	24	198240
DBM-VPVEM	73ba204e9efef69c7754d416d5b8e968c78bf2f8eb2201b36fbd04c86d2e6eb4	334	7480119
DBM-VoA	25115950ca285bf8aca0d5dc247f1aed047d6abf8c0cbf1bda0c2f6e756d2264	13	22306
DBM-WorldEvents	34e1239a89b18debd36c292b7d6d3f2b77d6e3e4e043b98383c045c757086257	8	16426
DBM-ZG	60463da6b7cea314b55871e1475643646973146c96bebcaad2b9def6ce496af5	20	46550
DBM-ZulAman	865438deb12791fc6d1c8d685c47cf4655fbe86d209e050485181da3e496358e	14	31563
DataStore	7565e8923bf2bafbbb90dffd55e2884e68ba63d5073386913dc8b02a1e5d3232	45	221801
DataStore_Achievements	3933528762e9804d78612483124a14797f78b48223ed0a3a775f6e1a3a8dcd56	4	10041
DataStore_Auctions	9409835b36baf33764bb015f696f1f8252386f8047d3db2767bd5d28b56d6ef6	17	12877
DataStore_Characters	5a64b060fbd69fb2d2e2a988725fe8f6a679eb9b1de3d4ef4b525425f298f054	4	11943
DataStore_Containers	958c4a61fc65c456ce001996b3c902f3792f41aae3e126ac7fd5058b8a19852f	10	70061
DataStore_Crafts	ead27cb3268d73ea6b5fb393dbc3fef2e2a46940319f42ea5a8e3808995a3c1c	24	417900
DataStore_Currencies	055cb68958f6e7e8b7db5d0c97025044745f0438222ea392eae7360a47b04451	4	6103
DataStore_Inventory	20fa27ee7143ef1683daf995b9b01c91b3d498374fd112f6257e44f2d0f42242	34	554164
DataStore_Mails	b92fad6356f940e0047dfdb7e08e3b4b7650623756c275a3c088802482c0d29f	17	34875
DataStore_Pets	85b25f9ecb773e50fe04177c0b1b5e6a0f6c2f3530cf6531a1bf0fb2ea28af29	8	16371
DataStore_Quests	6ba3d6f4c27e7c52553567f62f92434bf18709c4be473080c738287888f40852	17	19876
DataStore_Reputations	2ba3ff7c056321d52a7c12b02eaa1d55232e80944f18d76c377c7ac5c02befca	12	60751
DataStore_Skills	8def16ab1b8750e5b6f06f46c906566be2979a5deadb1693cb7b3e5bb6df6286	21	54278
DataStore_Spells	18067d9928e63a419a25910e86aa2e0c7883eea2a9e87fdf816ac794e39a9ccf	4	3903
DataStore_Stats	ad6acc4e60d5ae2d72f1dd4c0d3eb28a7ad7d5c4dc3ec35d5a062625ffc86f4c	4	6210
DataStore_Talents	bd966da07b26330dca237442619b0c75ca70e8be8249164d04939c3d2a2323db	4	13781
Decursive	8a5348f59b9777af0e0f49fa2aa280b230d0e2139fbd27667afad2db0f66f2ee	109	2285726
Details	3597b0f9f5cc1eaf278e552694367998441868cc15d29e7f7c9994ae379cbfd2	377	23379012
Details_3DModelsPaths	39379e3ac719d195c61b4cc01f022116d2ea37f020a86cfb920f78ddc2902f42	2	1678656
Details_ChartViewer	f0d3dde4c6d828fce90137183bd034028b969bcebf32cdd00ed9228d75ad411b	17	71805
Details_DataStorage	a24ee89120303a054f704531abe001946ef6f065428fa080c38bd75294b29a5e	2	1110
Details_DeathGraphs	7fcb63a14bd20c5c1a27b16bc01810a410c2912938caaae8a9dfd05443c2ee18	20	269773
Details_EncounterDetails	abb523ae630d2ab1523106fccb54102efd0dbef9692c1709ba0d9c59b2dbbd09	20	652379
Details_SunderCount	ba410978de775003b5bc0573d9b5fefea8e0f9505c36fb72238b60c90555c926	2	1330
Details_TimeLine	b7bf6c9265fe6801f806ac0efa1309dec2b7efe7f837002c0085592fbeb84103	18	207834
Details_TinyThreat	993aa0238ca41be68ee201f1aad6f5c62d4867f91fbc5c52da4a9c662cbf17de	13	36777
DocsCorporeality	ea2d7505ec5755651f5a508dc523550dae62598fcc4d05e4a48233d8407116ba	13	53045
Dominos	5dfb0e20593f9a27cbc5cbef30757ff5adc37b5adeef645eab69bd0a2e4ab768	59	343113
Dominos_Config	c92f6162c354a1d16ba74301ac91be8c96fde7cbb8c513fdd7ce02b790b15364	12	45447
DrDamage	6136c13b9f00b7a41831672554c1f3488c8e3793cff80b4b7dd9799943959698	91	1171453
DressMe	e7dda0e2906ad9fca494636f562e97e1569721d3528494fa95e9f5b47fc2eeca	23	7022361
ElvUI	5123d50f315432bb147307e2604f18e135c64c84c5d1bb934d86c5ed3ed15f18	537	6854911
ElvUI_AddOnSkins	6091c68be564b0ffa192f32021c9cc65ebca915c47e672f459f9fb4177f2762b	157	589775
ElvUI_CustomTags	e0c46a68e90153943c86db5692fa74c525bbb0f2ffebc94e6fe30d5e1d1fda43	4	25203
ElvUI_CustomTweaks	aec285bf3a588f56dd478a54a4defe46889aaa1074a2ac8c8b6cd7b688ea94c3	27	87415
ElvUI_DTBars2	3929d77785cd7573f1dd0d0b75ca2a5f93dd8427ae1c234b806ca177d98644dc	6	37463
ElvUI_DataTextColors	f6705807265d47929871876e7b2920bc806705debf7a9d2591db2b5a6ac81d08	5	5395
ElvUI_Enhanced	c810aaa752c2d2faca07818befd259cc705ffdf18fb8a9b090d4ee0236fdf6ca	154	6929279
ElvUI_EnhancedFriendsList	c100f509de4dbe35b43a95c43814038f77eb94e8814a46df84d98f5d8476d0ad	24	47807
ElvUI_MicrobarEnhancement	5f89eabd2f175c37cb1cbe89902ec9f6de941888949daf5cd8741fbdf53a48a8	12	10856
ElvUI_OptionsUI	833ca54c8eb91b5f6086839264a069dacea9cb00084fe2de973c9890cf7efab9	71	1815617
ElvUI_ProjectZidras	ad42756b1413e6b79ceb14d78aa2f05263dd80d7645a935000507560ae2178d6	98	968546
ElvUI_SwingBar	8bd354a1f01a4d0a5ebbdbcf1bb9fc7ec67905bd88a88629420b7b8ed2b11915	17	29192
EnsidiaFails	5d12fa88a3e7c2dda3c2b0de49ec539d81a1bb2de48fb0ccd4df3e2e3b72a88e	86	1037856
EventHorizon	21f8bb180623c6440af39ac279f98e4e5c044d7847d06049b695442f4c667c50	6	165312
EventHorizon_Deathknight	4eb616114a32e48cfc709e4e8ebab6d51a330b1278baf4be51afa473b86d88a7	2	2093
EventHorizon_Druid	571e44c8fd234715de032a34840b4f81ed6200f7cb921960e5c600cbbfa835e0	2	4831
EventHorizon_Hunter	09a6e367f4157584299bf049df68c6b5882b769eea655a73c2b3d91450202bc7	2	1518
EventHorizon_Mage	c9a3c236c2e100ca784d9aa376f5d0dfeb03853f9099df82473f6bc1b6131fd0	2	3295
EventHorizon_Paladin	8977a0b80b3a3c26aed51e70bdfb60e196341d5b080bfa1a714c048e2fe208aa	2	3002
EventHorizon_Priest	43ba476ca8ef4bf9c58cbee5abfb6ec7e4e076ef010d1c50b7feeba0e3209142	2	3178
EventHorizon_Rogue	00172ea90492e2af392b0e92dd65bce7dab470b04301d92c42bd5b64a8b936f2	2	2042
EventHorizon_Shaman	36eb3a1c0cecefa06f61c617ada17af03c269244e022875f4c92e3a34348b39f	2	2803
EventHorizon_Warlock	29a06dd17262d19639da6ced2c96c9612642c8546e003a67928cdfa2aa884d5d	2	2580
EventHorizon_Warrior	76ba59fd86d15eeb1b27aea7d1a498017d25193fe43165f7e8d669a50babd94b	2	2378
EveryQuest	203151627c9ea7f8f5ed5d762cd16e7d49fbdabd16de070aa23921582ce488ef	83	1430575
EveryQuest_Battlegrounds	c684c287be325b8e9fd55377ef990bd728292e239a5fdc497a790b14e1daaa48	2	10058
EveryQuest_Classes	fb31c4ab5d34b7874b8897ff8f128a115472345bd1f8d66be5608b823fe55da2	2	49137
EveryQuest_Dungeons	eaded8abac5908a930f5e95c1cb0cee1ca8d6fa8b0b1095e747cd1ec9ffc2877	2	42352
EveryQuest_Eastern_Kingdoms	68b84851145db6c33bd32da1ac190a442fee87ca2677d8e2519fb0365d85923d	2	118817
EveryQuest_Kalimdor	36e3f80e26e24b65cc12f0503b7e347c5e082f8ebf9c0923de94d2c0ec675f4a	2	123810
EveryQuest_Miscellaneous	11e6ac21ed7b9fd164c28eb4e68732409468e74ca0f6de167c50f11f0c100027	2	18704
EveryQuest_Northrend	46f395dca15dde801e8d2660d07914969580e290045fac4e0f4cdb17b5b7b958	2	132862
EveryQuest_Outland	d8cb35eb9e5eea485d07046ecdcc9abd503d905e9a74f929350eefb030065131	2	94798
EveryQuest_Professions	5c768938b1f4aab3baf37d9a6bf9bf1a06cbb8f60f78719f89fb4b85ccd24d00	2	16237
EveryQuest_QuestGivers	4532edb1125047b4dc85fdcbfec769a66a7fba7f8d09d4fdf513a35cbe9d89a2	17	203964
EveryQuest_Raids	33663ca5ac93e7ef9ffe1322bf2d39d8b1f5dc911bec6b2d10cdada5d3d00f7c	2	32696
EveryQuest_World_Events	056e3f8e09f229861301abd0712ffa2cc0028ac69e2ad7510ffd2026503df6b9	2	47973
Forte_Casting	9ffd7c40ecfb476ef86c6a882eb855d5df3ec6607746c06210c84e656165a7fc	3	28203
Forte_Cooldown	6bb09f19e17b2d768754a563921ffb8fa8f73c48ab064054e385831e3cda92df	4	105933
Forte_Core	494b5262e1245dda750bacf4582da155fc117a0e3879d1d9d21bebbf182b1a75	53	1245201
Forte_DeathKnight	2f21b175d17eb8459ba0fc1e1f4c3866b5977c9a98042681de9f5ab147aaa32f	3	11044
Forte_Druid	0fff9e11d3b2fd26837c7f5b4eadeba0564071cc113020a9773903c71b42d619	3	9452
Forte_Healthstone	5949d6253ce304d3a2075e2bc1573e4d545fa0ec972adcb1acecc73f0a49b742	5	32597
Forte_Hunter	bdcc04395b54953c618560188558f2366a462ee79780f50ce6a87d9640b5d639	3	6520
Forte_Mage	93ca9fb84f633a768477ba00cca8713dd42cdaf31596326ba7c8472fa4eca462	3	8267
Forte_Paladin	cf17d3ccd4562fa2e6769a98dd0b36e4a5aeaa475b74e7ec2530fb6ed4f5692d	3	9993
Forte_Priest	27838adf2a3d6e9afeca485b515bc323fe45cd63c03437b1de2aa76ea5f0f096	3	5319
Forte_Rogue	9687dc8b27ed3c08513dab3137ee484f2ad0c290b9be00b041afe8b107e52404	3	4155
Forte_Shaman	a26624350f0f26ed2d725c2a9a59274d4ffd2e3bb2b9fed5116c3dc941af7908	3	7201
Forte_Shard	71ff5516442ce7684c4aed5efb48b6e628a1f5a8f7a7d45a5889a26816adb654	5	20484
Forte_Soulstone	111446d61ed7de5e0112582f3982a099fcfc157511ddb2ea44cf7388acda089a	5	51571
Forte_Summon	3151eb4ca5c53fc3d03f6487b18f6c66f5e9f398a5a1e064750e90c3fd25ea0c	5	44405
Forte_Talent	90c774bc913f46c5a6a3f9056649fb34cb8dc953f5fd5b618bdd93cd48e68fdf	3	20122
Forte_Timer	5829018bca735a1f3f17d95edee936e4881572a1ddfbdc16e0560e8a6925f701	4	201130
Forte_Vehicle	777d023880e57505d3793da14d4f8943be67128ef7413d25c04f62b37c14c051	3	2295
Forte_Warlock	412a724aa7edaf8c2974a544500e204fe3d275c9ee459e0bbfdc6016be4f995b	3	56759
Forte_Warrior	829c7846b18c7cb873f2748326c24908a43b4aac3b0b02d59642cb435b83c9ef	3	3772
FriendShare	e7c340852e979ad391bb29f55095003c760f110c4776cd2e51271b44f51ffcab	5	20068
GTFO	f9336a771cf40baa0204e9d75a42d0c8aab9f7f75bba42dd9b9ba0a42f3bb58c	39	446762
Gatherer	db15fdf2857e44b98fd8be8a0016dd919fb9c5176e82fbb0752dd2057ce27aa2	166	1295677
GathererDB_Wowhead	9d239fbe947e2ab7c6e03e95351ad6c306e42342d8979c1977012b2f2df030e3	3	323640
Gatherer_HUD	a4000b14975cb6dfd4818f210e16ef35a1cfd86386f423ec381c330adad974a8	8	64055
GearScore	3d6757a9bae3acafb96dd83b7987e694a01de17a9f024cfc0c4f245ee4bfd915	46	415443
GearScoreLite	ab0384e587d5c854a9337053ed73562cf0e3adeada80271afe919cdbc17722e0	3	33022
GladiusEx	0ef3505a9a25411588c77acea2678d379d676100d422e7bc87ac8505999d0721	197	2048721
Grid2	4e7360a7baa5e2cf03f90564adcc19e7eb2770ad4f2061e4cbcc8a0f4dfc91ff	107	2436392
Grid2AoeHeals	2fd2fb5411d7e6be5b9b9c6e3b3a033339a0e25b2644e3af884332b3a750ccbb	10	42365
Grid2Options	434b6f5d5f94b9253e5b12b8cac26b6075b2b1c39fca24db8b76f4bd479bd370	163	1140286
GuildLevels	9ce66b4985213c543cedc79537704bebb7e2283a92bb2745f17f4b5b2f1dacc5	8	33725
HalionHelper	2762a19d043b6eb08393c8590015bb108ce9e9f96a49bf36424c42cf08e40c9d	9	59005
HandyNotes	231e5e4cc7f9efe6bcd90f22c5451e7610290984e0cef23c1cc99ae31677f9bb	68	558117
HealBot	04fa87f7161a7cf275b778f689a3b3e20209410449b6ddb07a0c3ad7547992e6	97	4242114
IgnoreMore	e48476dc0a3eba898092974e1fa7b6086a79b289bac12fdc0edc49305f60e736	3	17126
InspectEquip	267d2b994f2e79fe502e1399b5a0872373d857a9dc1b9f92b48541a303597124	75	1194531
InterruptBar	e137ff00887eda90ceffe7b66a1c82855e9e1561ca1f54f49c6816765d6b5db4	2	9261
KRU	3fc5285539548edc9a925b6a7e537a142ee4095d9b5c9a846070d4132bf071fe	70	617134
KeyBindingsProfiler	e906c37ab0cb964f0043d9659f24ee9125e812a124a553b8678457e40ea725ac	3	3422
LoseControl	c89c9cc11ed367ea2c374be279850818cb6427a575f18f946a1cf3fc42feaae5	3	42929
Ludwig	8be4b0f1d698656d1029aaedca44a9fe22a50cc6ec464c0ad2aa9b145553d9fe	8	27397
MSBTOptions	a3d79fb4e15627f664e9fdf547f872feedc11d9c2ed94626dc1c57e578d742bc	26	771268
MacroBank	6686666df5c6197964b6a8e1f7fda752103ac45475f00aa529f882675cc56223	61	515213
MageNuggets	5890d25aa3b1aada801e20d612db2a821c2d9d6ff97559025dfbec8d48b8aa60	60	1079868
Mapster	c0b07d6f8de482ee08a0e94a8f79b2669cf5fb86b055ee2d4e00db4f2d343ee3	86	661164
MarketWatcher	559b18605f55856666627887893ef329b6da23338c84e6510fceeffcf72d766e	25	506728
MerfinMedia	4299e770235253c605439a1278711404beca4e899e2b7a454a5fa227ec14eb11	148	5285677
MerfinPlus	09c28e2034d713032b88b65bb14b4ce96bc148f6f0d9971f31886e209e92901e	185	8301620
MikScrollingBattleText	b1a904322d4281cbc3e6920ff91b80feb3a0f9c05200effb5e073cef91f58ed2	37	1130053
MogIt	9dd9c9e1a253b1abd687437db77fd22cedbf7a70652e43041c8b6c4ac9004ebb	156	1402961
MogIt_Accessories	66b0c90fef528f123254c2e14ad9f5fec5c60dd232559986bf8f58bda438b8fe	5	20662
MogIt_Cloth	5ff3f94648c3302e6d256a6ef6bc2b71dd7bf692e4e9befd635551d5e2dfd2e2	11	435143
MogIt_Leather	757ec254c5bb7a9ff301162bc9122d5a187105033e83eabf7b0ace8e9b21d6e9	11	406282
MogIt_Mail	3be7f95b564947724c772cf15a337bd20c7a2caa15e8d2ba1fea6c064451a995	11	389929
MogIt_OneHanded	7d237a6f0ded1e4ea6c6fadd8fe733a54f0b026a9af64f4efeb1f831813e05df	8	209187
MogIt_Other	c8767a651e33db1372f6d960247be5ae4d809635823702fe83775fdae1d6bec0	7	191763
MogIt_Plate	1c2122d285609ee7cdc286689d4f98c34991f816cc47167f16bce158ef06b780	11	379324
MogIt_Ranged	ade5510961de576aeeead391943aa2e795d4e435d5803aa027cbb37148ca2465	8	92839
MogIt_TwoHanded	a5bae1c9688d7d75045bf5a2e5ab40e1fec5c650ae520e121068ffa97a27c407	9	147472
Molinari	fe014472a92fe87316b566c0f95461644bd48dabe02b23d60928b9c63ef72b21	4	3996
MultiBot	bfd0aa106e80f2bac845eb9dab304f9248f86df4171a078ec706b8c6bde74678	114	4789932
NeedToKnow	b7fbefdc4f757705dc0141166e1f69bc201311b45c926d51d67dbe31a59a5605	29	599050
NotPlater-3.3.5	95ba483374c997da057a5c4fc845d37f6fe6e6ad5a1184e6861408c165b82417	236	3357720
OPie	c1c9ec218bfbd75c99c7e16c2df263fe541f79f257ef79b5ac41d596eacc39e1	20	222847
Omen	ecf021aa5ba91c994b7871bae481f56cac6ec6157c2a454bdeacdca58cd2c7ba	78	774489
Outfitter	0899353c18e6194adbb114bedcbfbe888ff00bea812a2dac55dec144a892f94f	62	1993846
Overachiever	4a2e06ea789e841cd50b2a0bbaa9a5256ce9f21010b59dac6f82d970ed1c0593	31	487187
Overachiever_Tabs	9171e13eec671138e0e379acdfc14773fa25ed03c094f29ec38d33e5e925e01b	15	1636894
Overachiever_Trade	8c446136edea5284defe55cdc500bf02379d7790121c375a8fbfb0d18e865ff2	4	22488
PallyPower	5bd142a1b251cf8403abe32cd32184f63cf66fcfe2faf8ab16d54cff43fea958	58	1036648
PhoenixStyle	cd5f50d52fc415181d9036b9cd93b070f55acfe86986b7052654c3711a8cca99	16	204039
PhoenixStyleMod_Coliseum	268cb08d1a4fd25febb8f1aca1e012d333ca0fe405632b76fd0ecb8bcf2f5c14	14	89505
PhoenixStyleMod_Icecrown	76be8c54ed898bceb46851ce7787556286ff8e316c068cfa347a4c738f69f309	25	372413
PhoenixStyleMod_Ulduar	4072b43dbd7c74d3114cf13986feb7b7926fb2795353d46a8ade31c25938d8d5	20	92271
Plagued	79c20af779f5d69f42d215682b231cf93da16012f982a4e0cec4aeac9df16bd0	15	69174
PlayerBotManager	373fe93cab50bd4a740d3cdf052e3d1fd84baa7fd1caf6f7d68945bb0b60479e	128	9057054
Postal	937dc81e2d83739d91df25f5082e008f768f6b301a3084bb46a815ad84257542	26	236989
Quartz	f39af382ccf4ce712f7e950b7356a2bf8b541b29e23fa19bdcd539b1fca5fe31	106	1096434
QuestHelper	e94703ec1effc84bb1b05173998d84ef1ecd1e395dd31f2f8d5ec7c5650e6ae7	207	9232814
QuestRadar	103a87228924fe0d12f5135865c64050f2d61badb256f8d24ef1e42410e70c6e	11	150702
RSA	6aaf49e30cc03222790e41b3768a47918f02f592a58afbc1186e3df34430b583	52	775655
RaidBrowser	142e25433560d464a5461108e2ce6a13913ba59cda3c089a9849bb89e0c43f06	22	97711
RaidBuffStatus	31dd55e32ead6bcd58294f35380f19044b45b454e2e250b95bf6a3ab92952c42	79	1265988
RaidComp	d0ec3b50bcad275d1f35350d6b5a45fa0bee5f1954ac663f45b301d0882772b5	95	985429
RaidRoll	0f75147f6ee7fc1f681bd149507fbcef7351d86d17159526cb915dc158ef3835	26	665115
RaidRoll_EPGP	0ed95448662715dd5a14eaf128dd2ab593c38101a606d4965a8505453ea8cbb8	2	4016
RaidRoll_LootTracker	fbb418f04c88810d095c40ed7c04c33ce5d89b3bc124d90414d298384aef54e9	2	65197
RaidSlackCheck	054e794d08f1e153600c993e8ec7780e1f64b6f2bfd490c21cc10edab0e0d2be	13	166278
RatingBuster	db2e6d8e3214c4bbf4acb4c55031ec8a7f4fe30ff33a9cb1b0332f296b893d0a	78	1784198
Redeemer	33f76d36df0dc5c478e5fea915d45484725fa6f28cd91060a822f81d6a756282	5	29363
SavedInstances	37f87810e82973bf3b71e6c2f74230d9a3d850ada877d3f7791e64ddbabb15e3	70	500426
ServerHelp	a64ba208e696d9378f9835c49d346b386bf92335c87bf6edef93798ea560845a	3	33299
SexyCooldown	0aaeb2685d751ebed2b97d5dca02b3a322036b1a93defa8c49f838b1f853ed37	86	565612
SexyMap	68f98fbf5a521c15acf2517cccb952b5c76861ae72495f750448b98b6c76bd1e	95	833933
ShadowedUF_Options	c8054f8e5e23add07af00c74c34d094779585506b18684a13dcadfe6d6eabaf8	45	476745
ShadowedUnitFrames	59dcf25019b43b9f0e233c2a9270dc134277f3479166e5421d2f854b5839fc33	75	1317136
SharedMedia	a5db60454854f4c3054f690dce3fb50a485363b01be6ee2246b93a884e8bd80b	366	38053955
Skada	1f242d6d46ae3f0f07e0ff53488ee92c1ea65c2413783dac7939a00b0b8d5d17	166	3256356
SkadaImprovement	cf5ae03e32ba6a5ba1df849eba2c284c5f7222bde78bb46b51e7f7a814b6386b	3	12480
SkadaStorage	e88970e7ad97c98cde88ba30553784a5c9cd9041dd502a67a83e545e0792c047	2	1818
SmartTrack	d978ef9cc03d224ed7c590384c8ffcb167ff6b9e592d9e228aa62b2cdad8077d	54	321121
SnowfallKeyPress	aadcaf2cd5dd4e087c0a459f33739cc609bc60598112f262b0953d0e5ebe51ba	4	29166
SoundAlerter	d634a5a2fed9d3a77dc307632e245bbe92e2ca2fea64703dbd45a4a09c0ae626	997	43036985
SpellID	0cc3088f808e706162bdcde5d67f1b3674131eb312bf6f09275aa696a72f0bd0	2	1099
SpellReplay	5c123bf155fe5880cd8b09303d20e63d0d797b77748621d2511d718fe7d51133	4	123035
Spy	5ccef2821125f0c5681ddc5ab30c4d32dacd46f460c4a2604fd538a2a7a97991	93	1477202
Talented	4c461e0b30adf702ca9c485fd893ac644a9dac45e5ddedf0c728ceed6bd9fb96	65	662677
TellMeWhen	8c672ff75b91664da6286b6f6e27cdb8021561007b4338419a693479bd153f67	9	88231
TidyPlates	16b5677591e0bba04473b41d280aec0420ad5980e78172d3baa03de7d3341ec0	81	963419
TidyPlates_Graphite	e8591600bbc82efd4eb4710c0584b845451ad18fb2ebaaf69a5b1c3e72848729	6	39693
TidyPlates_Grey	17f1c4b045444346d3e27a56979b46f69d3150cf1ddb44947a4f174810ec520c	16	459777
TidyPlates_Neon	efaac05527cf0f2a44f622de8589cdea2eb8374fcf3c983c0e74beca3e46dab6	38	354480
TidyPlates_Quatre	cba97507e9037fa9a06688f283c79969b4eb724d09be30e4a48ca95988229467	8	17953
TidyPlates_ThreatPlates	acedd78befbc121959e5c317aab9fda6cda2e906a37911b035f7f8183a01729d	292	2325558
TipTac	ff5a3544c97ee8df0d50b9c51d0ee55c4369f787e7184e8ce3ad2628c70600d8	4	74146
TipTacItemRef	5669ac68a21e1ec5fd97daa9b405352fb8cde7cd35cde8a11d798e0460576e2a	4	8305
TipTacOptions	3042fb284beec887f163690f86c5a670f0556f467a72da0a7304bca6b17208b6	5	50805
TipTacTalents	0417d42f1e4abdddac0d7e5f503e9cfa5b99417c7fc8fe0f76c175c9c7d3d375	4	8888
TitanHealBot	6d7271627d2225e41ca4a5d0700a3137714076cdaa613df60e12f84fe20ebeab	5	23624
TradeSkillMaster	d35cfbb6d935f763efd0163c5bc69fe86a3b632941829cfe6cf81e9cb248fd04	204	3360805
TradeSkillMaster_Accounting	9359f8ae54e1ef1e1755bd67f11a4dd75712a59e3634342b78c454450573eec8	16	210389
TradeSkillMaster_AuctionDB	65f2f0341eac35d77460b04ef1660022b1806f7944b77df6ec48042c32b959f2	19	145337
TradeSkillMaster_Auctioning	bee45427b29bb3848e12f5c83f29ba903185bd031df9e0cc7afb929e8ad46e4c	14	183672
TradeSkillMaster_Crafting	f4c2e868334fbe7f0f90f9b23ec20597a4827898172203c5e4b5441aa218afc1	24	358170
TradeSkillMaster_Destroying	8aa78b26c6183a874eabd3ab19775caa1d104753756b8305c1221ea7d6a09c4f	16	62114
TradeSkillMaster_ItemTracker	9e957ec542f0ecbdd080541c275a3000adfa50bb34411427962166ff61926837	17	72069
TradeSkillMaster_Mailing	4e36365865ab34b4a2ac0c2b4526f4baf9504eddc6342bca8a76923df2731bf6	21	185252
TradeSkillMaster_Shopping	920889af765803d06375a1a3bd0ab8c4c161862d813495b2249a42d1e7384895	25	211607
TradeSkillMaster_Warehousing	f788d2e68ac3d84566c501c3b47e5d463b4cf4b8d0296a7ed9f786488707e776	19	132025
TrufiGCD	8cf1602ca73d0ec14c95426c6feee67b5a31241ba6da1c38c24cfa2ee1ec50da	7	60279
TurnIn	c8ba135b7af56e6866ec9d21fe2101eb4cf2d510d91d78a1e652c60f8d148ebe	5	55309
VuhDo	f74af659aa59238dd40ed5b38d85b007356e350ca76f274ec65fc8b718128d8d	189	2677462
VuhDoOptions	ae4bc1a537f0834d6b3af56b56b7ca4717f0e701c4e9bd9591110a24169cd10d	127	1787004
WIM	6f293af3c7ceb67bf80f9823885900bec3b57e614778c72b4e5634d15e10d4db	184	3498364
pMinimap	45a70cff9974d5f9d2df6bfb1d18ec3a61496444a9d2bea2e1c5283cfe71abc4	15	79520
xCT+	d186b92f4329b1fc2863e342692826ddcf342e9b3ba09c02a64b6ecb75d6217b	82	1211691
zzzMoPItemTooltips	ef75af9692b648e0fc1f3ec52c2fbbb7cb8428203bcbb5575617ced12a7dda6b	9	110593
